dataset,molecules,genes,cpu6_mean_s,cpu6_sd_s,wall6_mean_s,peak_rss6_kb,wall1_s,peak_rss1_kb,audit_wall_s,cpu_s_per_1k_mol
cosmx_nsclc_lung5_rep1_full,1967437,960,1642.913,8.109,383.963,1536316,,,19.333,0.835
cosmx_nsclc_lung5_rep1_quick,149903,960,160.113,0.490,47.260,330764,99.470,284416,3.421,1.068
cosmx_wtx_colon_full,2969193,18935,8943.247,236.101,1646.720,3164872,,,52.749,3.012
cosmx_wtx_colon_quick,149771,17533,492.463,6.262,102.647,1792736,455.830,1759388,8.603,3.288
iss_mouse_hippocampus_quick,82077,84,101.457,5.335,35.427,211372,61.010,182476,5.506,1.236
merfish_ileum_full,819665,241,625.057,7.332,151.267,955356,,,10.006,0.763
merfish_ileum_quick,149356,239,119.693,1.634,36.173,304776,87.760,215616,3.835,0.801
osmfish_somatosensory_quick,149997,35,116.863,8.576,35.423,263928,76.210,205988,2.447,0.779
sim_circles_gaps_3d_g100,93765,100,74.010,0.304,26.533,248768,48.840,190792,,0.789
sim_circles_gaps_3d_g100_noprior,93765,100,71.907,1.679,25.940,241944,48.490,187444,,0.767
sim_circles_gaps_g100,92296,100,73.560,1.800,27.043,218640,51.280,188136,,0.797
sim_circles_gaps_g1000,92296,1000,76.540,2.299,27.207,275696,51.960,238736,,0.829
sim_circles_gaps_g1000_noprior,92296,1000,74.387,2.647,27.790,267116,53.460,238716,,0.806
sim_circles_gaps_g100_imprior,92296,100,69.430,0.779,25.463,222616,48.880,180788,,0.752
sim_circles_gaps_g100_noprior,92296,100,68.053,1.311,25.037,231568,48.220,176536,,0.737
sim_circles_gaps_g5000,92296,4963,348.107,13.895,252.583,913660,327.050,887956,,3.772
sim_circles_gaps_g5000_noprior,92296,4963,347.207,10.266,255.543,914792,330.210,882468,,3.762
sim_elongated_gaps_g100,37962,100,41.113,0.257,20.257,156524,32.980,148160,,1.083
sim_elongated_gaps_g100_noprior,37962,100,39.440,0.132,19.920,152248,30.460,147584,,1.039
sim_mixed_sizes_g100,94564,100,87.590,0.534,29.263,227140,58.950,187996,,0.926
sim_mixed_sizes_g100_imprior,94564,100,88.037,1.707,30.267,232256,55.700,187148,,0.931
sim_mixed_sizes_g100_noprior,94564,100,88.610,5.879,29.630,224256,61.580,177500,,0.937
sim_sparse_noisy_g100,48399,100,48.180,0.267,23.940,185360,35.370,158896,,0.995
sim_sparse_noisy_g100_noprior,48399,100,44.553,1.142,21.270,180904,35.830,160200,,0.921
sim_tiled_distinct_g100,115904,99,77.043,2.708,25.710,241668,52.270,200464,,0.665
sim_tiled_distinct_g1000,115904,974,84.717,1.424,28.397,315860,61.420,277772,,0.731
sim_tiled_distinct_g1000_full,972976,999,625.440,8.153,150.650,1019816,,,,0.643
sim_tiled_distinct_g1000_noprior,115904,974,84.490,0.637,28.877,310212,60.350,272100,,0.729
sim_tiled_distinct_g100_noprior,115904,99,74.697,0.670,26.437,235836,50.940,195880,,0.644
sim_tiled_distinct_g5000,115904,4557,328.787,1.559,217.280,834244,312.030,780236,,2.837
sim_tiled_distinct_g5000_noprior,115904,4557,316.070,11.067,206.970,856592,307.050,771488,,2.727
sim_tiled_same_g100,115904,100,116.487,0.990,36.953,244428,88.210,198516,,1.005
sim_tiled_same_g100_noprior,115904,100,108.513,1.094,35.253,242396,84.280,197580,,0.936
starmap_visual_cortex_quick,149994,1020,137.643,6.707,41.913,440500,89.570,372580,1.310,0.918
strec_dense_s1_disjoint,63999,20,58.963,1.649,22.910,197108,43.300,167624,,0.921
strec_dense_s1_disjoint_noprior,63999,20,55.330,0.710,21.707,187268,40.970,165552,,0.865
strec_dense_s2_disjoint,64441,20,77.353,0.189,25.817,199096,55.610,163912,,1.200
strec_dense_s2_disjoint_3d,64267,20,63.530,1.072,24.770,209836,41.450,171560,,0.989
strec_dense_s2_disjoint_ambient5,66823,20,70.457,2.214,25.383,195504,42.800,168824,,1.054
strec_dense_s2_disjoint_noprior,64441,20,64.553,1.162,23.793,192868,46.330,163504,,1.002
strec_dense_s2_merfish,63889,155,71.030,1.923,28.740,203744,46.420,172420,,1.112
strec_dense_s2_merfish_ambient20,80195,155,87.463,2.510,32.213,228736,55.210,168988,,1.091
strec_dense_s2_merfish_aniso,64352,155,71.403,0.607,27.763,196544,55.000,171640,,1.110
strec_dense_s2_merfish_imprior,63889,155,68.330,0.518,27.230,200736,47.030,169136,,1.070
strec_dense_s2_merfish_noprior,63889,155,64.263,0.606,26.537,194208,44.350,164640,,1.006
strec_dense_s2_prime5k1000,64027,1000,87.263,1.657,34.033,253744,57.590,207980,,1.363
strec_dense_s2_prime5k5000,64098,4424,282.270,2.236,199.187,750120,238.330,697396,,4.404
strec_dense_s2_xenium,64285,311,74.317,1.245,29.230,189280,47.680,169868,,1.156
strec_dense_s2_xenium_full,999729,313,802.727,5.177,193.603,1014032,,,,0.803
strec_dense_s3_disjoint,63626,20,67.260,2.466,24.787,196404,39.330,167708,,1.057
strec_medium_s2_disjoint,63982,20,60.947,1.027,24.017,199096,36.420,168236,,0.953
strec_medium_s3_xenium,64211,312,71.710,0.724,30.123,206396,46.530,175280,,1.117
strec_medium_s3_xenium_imprior,64211,312,72.787,1.090,30.030,202216,44.270,179692,,1.134
strec_medium_s3_xenium_noprior,64211,312,70.187,0.816,29.740,194696,43.110,169400,,1.093
strec_sparse_s1_disjoint,63743,20,59.903,2.041,23.863,197204,35.490,167920,,0.940
strec_sparse_s1_disjoint_noprior,63743,20,59.443,0.953,24.373,190224,34.520,161064,,0.933
strec_sparse_s2_disjoint,64191,20,70.833,0.889,26.097,195536,45.130,168436,,1.103
strec_sparse_s2_merfish,63582,155,65.503,1.224,28.080,203996,41.690,171248,,1.030
strec_sparse_s2_merfish_noprior,63582,155,64.060,0.939,27.570,191972,41.930,163460,,1.008
strec_ultrasparse_s2_disjoint,64157,20,56.663,1.005,23.237,195828,37.570,168508,,0.883
xenium_breast_rep1_dense_admix,549955,321,361.793,3.188,93.587,561440,,,8.140,0.658
xenium_breast_rep1_dense_full,1991578,321,1275.960,3.896,304.013,2057944,,,14.661,0.641
xenium_breast_rep1_dense_quick,130055,315,111.743,3.539,36.877,276160,66.510,208232,3.221,0.859
xenium_breast_rep1_imageprior_quick,129992,315,122.057,4.522,39.960,285424,67.420,203412,2.614,0.939
xenium_breast_rep1_stroma_admix,549999,321,339.513,3.842,88.743,567876,,,7.108,0.617
xenium_breast_rep1_stroma_quick,130000,321,110.120,7.957,35.490,283012,60.030,208192,3.250,0.847
xenium_breast_rep1_z_quick,130001,313,129.520,7.946,40.887,302548,71.240,218456,3.007,0.996
xenium_breast_rep2_dense_quick,129996,320,117.603,6.346,36.407,278320,68.760,216468,3.650,0.905
xenium_lung_cancer_admix,550000,377,377.997,2.630,97.317,566800,,,5.966,0.687
xenium_lung_cancer_quick,130000,377,129.770,11.426,40.970,281284,83.560,208292,3.927,0.998
xenium_mouse_brain_ff_admix,550000,248,325.037,0.984,87.090,549632,,,7.642,0.591
xenium_mouse_brain_ff_edge_quick,130004,248,157.360,5.069,49.283,277680,78.640,206172,3.458,1.210
xenium_mouse_brain_ff_quick,130000,248,119.890,4.129,41.177,283644,57.380,213520,4.233,0.922
xenium_pancreas_377_full,1999991,377,1403.063,41.534,344.743,2065880,,,20.120,0.702
xenium_pancreas_377_quick,130001,376,133.970,6.688,47.643,298056,71.280,234100,2.428,1.031
xenium_prime5k_ovarian_admix,550000,5030,605.880,2.231,222.773,965700,,,17.325,1.102
xenium_prime5k_ovarian_full,1999997,5088,2183.647,8.213,685.310,2364248,,,35.955,1.092
xenium_prime5k_ovarian_quick,130000,4603,203.940,11.161,90.920,515436,133.720,469228,5.236,1.569
